연관 검색어,PC 월간 검색수,PC 월평균 클릭수,PC 월평균 클릭률,모바일 월간 검색수,모바일 월평균 클릭수,모바일 월평균 클릭율,월평균 노출 광고수,경쟁 정도
휴대폰케이스사출,10,0.4,12.5,10,0.0,0.0,3,높음
휴대폰케이스디자인,20,0.3,1.33,60,0.7,1.08,15,높음
휴대폰목업,140,5.0,3.95,130,5.8,5.09,15,높음
휴대용3D스캐너,20,0.1,0.48,10,0.0,0.0,15,높음
화장품케이스디자인,< 10,0.5,23.34,< 10,0.0,0.0,15,높음
화장품제품개발,< 10,0.0,0.0,< 10,0.0,0.0,1,중간
화장품용기주문제작,< 10,0.3,6.67,< 10,0.0,0.0,3,높음
화장품용기제조회사,< 10,0.0,0.0,< 10,0.0,0.0,3,높음
화장품용기제조업체,20,1.7,7.86,10,0.3,2.39,15,높음
화장품용기제작,80,6.6,8.92,40,8.3,23.15,15,높음
화장품금형,10,1.7,13.89,10,2.7,14.82,3,높음
화장품공병제작,< 10,1.1,12.25,< 10,1.3,13.34,11,중간
핸드폰케이스사출,10,1.3,11.6,30,0.0,0.0,6,중간
핸드폰케이스금형,< 10,0.0,0.0,< 10,0.3,16.67,3,높음
하이브리드사출기,10,0.3,2.09,< 10,0.0,0.0,3,높음
하우징업체,30,0.3,1.39,30,0.0,0.0,3,높음
하우징,3510,16.8,0.54,5850,41.7,0.79,15,높음
하드웨어제작,10,0.4,2.53,< 10,0.7,16.67,12,중간
하드웨어개발,50,0.7,1.32,40,0.5,1.29,15,높음
피규어주문제작,110,5.6,4.97,410,41.6,10.32,15,높음
피규어제작,1420,62.9,4.74,5030,457.0,9.52,15,높음
피규어만드는법,10,0.0,0.0,30,1.0,2.71,3,높음
플라스틱회사,60,0.2,0.37,300,0.0,0.0,13,중간
플라스틱화분제작,< 10,0.0,0.0,10,0.0,0.0,0,낮음
플라스틱평판,10,0.7,6.07,10,1.4,14.29,3,높음
플라스틱파렛트,700,23.0,3.62,1330,52.6,4.16,15,높음
플라스틱파레트,440,11.7,2.88,720,34.1,4.8,15,높음
플라스틱통주문제작,10,1.3,14.82,< 10,0.0,0.0,3,높음
플라스틱통제작,20,1.6,9.45,40,4.0,10.82,14,중간
플라스틱케이스제작,90,5.2,6.27,50,2.0,4.45,15,높음
플라스틱주문제작,80,5.6,7.77,140,14.3,10.97,15,높음
플라스틱조형물,< 10,0.3,2.84,10,0.0,0.0,14,높음
플라스틱제품제조,10,0.6,5.0,20,0.0,0.0,15,높음
플라스틱제품제작,10,0.7,8.8,10,0.0,0.0,11,중간
플라스틱제품설계,20,0.8,5.34,20,0.0,0.0,15,높음
플라스틱제품생산,< 10,0.0,0.0,< 10,0.0,0.0,3,높음
플라스틱제품,160,1.4,0.87,160,2.3,1.31,15,높음
플라스틱제조회사,30,0.3,1.15,50,0.0,0.0,3,높음
플라스틱제조업체,80,2.7,3.34,80,3.0,3.75,15,높음
플라스틱제조,170,2.7,1.91,250,9.8,4.34,15,높음
플라스틱제작,300,11.4,4.34,500,32.2,7.22,15,높음
플라스틱재생업체,20,0.0,0.0,40,0.0,0.0,0,낮음
플라스틱용기주문제작,10,2.0,28.58,10,0.0,0.0,3,높음
플라스틱용기제조업체,190,13.7,7.39,410,14.8,4.3,15,높음
플라스틱용기제조,60,4.1,8.3,60,4.5,7.76,15,높음
플라스틱용기제작업체,< 10,0.0,0.0,< 10,0.0,0.0,3,높음
플라스틱용기제작,90,6.4,7.89,70,12.0,18.19,15,높음
플라스틱용기사출,< 10,0.8,11.54,< 10,0.0,0.0,11,중간
플라스틱용기금형,< 10,0.0,0.0,< 10,0.0,0.0,3,높음
플라스틱업체,40,1.1,3.08,80,0.7,0.94,15,높음
플라스틱압출,180,11.5,6.45,150,4.7,3.59,15,높음
플라스틱식품용기,120,12.4,11.46,180,12.3,6.89,15,높음
플라스틱소량제작,< 10,0.0,0.0,< 10,0.0,0.0,3,높음
플라스틱성형업체,< 10,0.1,1.34,< 10,1.0,11.12,15,높음
플라스틱성형,200,4.3,2.32,280,14.0,5.23,15,높음
플라스틱생산업체,< 10,0.0,0.0,10,0.0,0.0,3,높음
플라스틱샘플제작,10,1.0,8.34,10,0.3,3.04,7,중간
플라스틱상자제작,20,2.2,9.97,20,2.3,10.72,15,높음
플라스틱사출회사,10,0.3,3.81,< 10,0.0,0.0,13,중간
플라스틱사출제품,< 10,0.0,0.0,< 10,0.3,16.67,3,높음
플라스틱사출제작,< 10,0.7,14.52,10,0.0,0.0,12,중간
플라스틱사출업체,50,1.9,4.15,30,1.3,3.61,15,높음
플라스틱사출성형기,20,1.3,5.8,20,0.0,0.0,3,높음
플라스틱사출성형,100,0.4,0.37,100,1.5,1.58,15,높음
플라스틱사출금형제작,< 10,0.7,13.34,< 10,0.0,0.0,3,높음
플라스틱사출금형,60,1.9,3.9,10,1.7,11.91,15,높음
플라스틱사출공장,30,1.8,6.69,40,1.3,3.48,15,높음
플라스틱사출,1280,36.7,3.29,1920,73.5,4.46,15,높음
플라스틱볼트,300,9.4,3.45,390,14.8,3.93,15,높음
플라스틱병제조업체,< 10,1.0,33.34,< 10,0.0,0.0,3,높음
플라스틱병제작,10,1.0,6.23,20,3.3,13.7,14,높음
플라스틱모형제작,< 10,0.8,10.0,10,0.3,1.76,15,높음
플라스틱모형,30,0.9,2.99,20,0.0,0.0,15,높음
플라스틱뚜껑,210,3.3,1.71,710,15.0,2.26,15,높음
플라스틱금형제작,10,0.1,0.68,10,0.0,0.0,15,높음
플라스틱금형사출,10,0.5,3.23,10,0.0,0.0,14,높음
플라스틱금형비용,< 10,0.0,0.0,10,0.3,3.34,3,높음
플라스틱금형,220,5.5,2.79,240,18.6,9.29,15,높음
플라스틱그릇제작,< 10,1.1,37.5,< 10,0.3,4.77,3,높음
플라스틱공장,160,4.3,2.92,280,14.7,5.34,15,높음
플라스틱가방,210,1.7,0.83,830,26.5,3.35,15,높음
플라스틱가구제작,< 10,0.0,0.0,< 10,0.0,0.0,1,중간
플라스틱가공업체,30,0.6,2.31,10,0.0,0.0,15,높음
플라스틱가공,230,8.0,3.76,240,7.8,3.36,15,높음
플라스틱,8310,16.7,0.22,13900,65.8,0.5,15,높음
프로토타입제작,50,0.1,0.14,30,0.0,0.0,15,높음
프로그레시브금형,90,1.0,1.1,40,0.0,0.0,3,높음
프레스성형해석,< 10,2.0,28.58,< 10,0.0,0.0,1,중간
프레스금형회사,< 10,0.0,0.0,< 10,0.0,0.0,9,중간
프레스금형제품,< 10,0.0,0.0,< 10,0.0,0.0,3,높음
프레스금형제작업체,< 10,0.0,0.0,< 10,0.0,0.0,3,높음
프레스금형제작,40,0.8,1.93,30,2.8,7.44,15,높음
프레스금형업체,10,0.3,2.97,< 10,0.7,33.34,15,높음
프레스금형설계제작,< 10,0.0,0.0,< 10,0.5,8.34,2,중간
프레스금형설계,100,0.5,0.6,90,1.3,1.39,15,높음
프레스금형부품,20,0.3,1.14,< 10,0.0,0.0,6,중간
프레스금형,940,15.2,1.75,640,13.0,2.2,15,높음
프레스공장,50,0.7,1.73,100,1.8,1.85,12,중간
프라스틱제품,< 10,0.2,7.7,10,1.0,9.1,13,중간
프라스틱제작,< 10,0.0,0.0,< 10,0.0,0.0,3,높음
프라스틱용기,190,10.6,6.67,720,26.7,4.82,15,높음
프라스틱식품용기,< 10,0.3,16.67,< 10,0.0,0.0,3,높음
프라스틱성형,< 10,0.0,0.0,< 10,0.0,0.0,15,높음
프라스틱사출,10,0.7,4.87,20,2.0,7.7,15,높음
프라스틱금형,10,1.4,15.08,40,0.3,0.86,14,높음
포항캐드,10,0.1,0.94,40,0.0,0.0,8,중간
포트폴리오제작업체,10,0.5,4.25,10,1.0,7.7,15,높음
포켓가공,20,0.0,0.0,10,0.0,0.0,2,중간
포장용기제조업체,20,0.3,2.23,30,0.0,0.0,3,높음
포장용기업체,100,1.3,2.35,300,12.5,7.23,15,높음
포장업체,380,3.5,1.0,500,17.7,3.66,15,높음
포장설계,20,0.5,2.95,< 10,0.5,7.7,2,중간
포장가공,< 10,0.0,0.0,< 10,0.0,0.0,2,중간
포밍금형,30,2.8,9.88,< 10,0.0,0.0,3,높음
평택캐드,10,0.1,0.43,60,0.0,0.0,12,중간
평택CAD,< 10,0.1,2.78,10,0.0,0.0,7,중간
펀딩회사,30,0.5,1.39,50,0.0,0.0,15,높음
판금설계,80,0.3,0.44,60,0.5,0.79,15,높음
파주출판단지인쇄소,< 10,1.1,10.0,< 10,0.0,0.0,2,중간
파주금형,< 10,1.3,26.67,< 10,0.7,33.34,3,높음
파렛트금형,< 10,1.0,20.0,< 10,0.0,0.0,1,중간
테프론사출,20,1.2,6.67,< 10,0.0,0.0,5,중간
코어금형,10,0.0,0.0,< 10,0.0,0.0,2,중간
코아금형,< 10,0.0,0.0,10,0.5,4.17,3,높음
케이스설계,< 10,0.0,0.0,< 10,0.3,16.67,3,높음
케이스사출,10,0.7,5.13,10,1.0,10.0,3,높음
케이스금형,< 10,1.0,33.34,< 10,0.0,0.0,3,높음
컴퓨터케이스디자인,10,0.0,0.0,10,0.5,2.95,3,높음
컴퓨터본체디자인,10,0.0,0.0,20,0.3,1.34,3,높음
컨트롤러제작,< 10,0.1,1.2,< 10,0.7,13.34,14,높음
컨트롤러개발,10,0.6,7.5,< 10,0.0,0.0,15,높음
컨설팅,6200,14.8,0.27,9890,48.8,0.55,15,높음
커넥터금형,< 10,0.3,6.67,< 10,0.0,0.0,3,높음
캡스톤디자인외주,10,0.0,0.0,< 10,0.0,0.0,1,중간
캡스톤디자인업체,< 10,0.0,0.0,< 10,0.0,0.0,6,중간
캠핑용품제조,60,0.9,1.47,10,1.3,7.41,15,높음
캠핑용품제작,70,3.3,5.5,60,6.0,10.72,15,높음
캐드설계,60,0.1,0.21,90,0.3,0.37,15,높음
칼금형,40,1.0,3.01,20,0.8,4.77,4,낮음
칫솔디자인,< 10,0.0,0.0,20,1.0,4.17,15,높음
치수검사,60,0.5,0.8,10,0.0,0.0,14,높음
치공구설계,70,0.0,0.0,30,0.0,0.0,3,높음
초정밀금형,< 10,0.3,5.56,< 10,0.0,0.0,3,높음
초정밀가공,30,1.5,4.5,20,0.0,0.0,15,높음
초소형사출기,20,0.9,4.21,20,0.7,3.51,6,중간
청주플라스틱,10,0.0,0.0,10,1.7,10.53,2,중간
청주디자인회사,30,2.0,6.07,20,0.0,0.0,3,높음
청주금형,< 10,1.0,33.34,< 10,0.0,0.0,3,높음
천안금형,< 10,0.3,8.34,< 10,0.0,0.0,3,높음
주문생산공장,10,0.3,3.71,10,0.3,2.39,3,높음
제품포장디자인,40,1.8,5.29,10,0.0,0.0,15,높음
제품포장,190,6.8,4.01,160,13.3,8.39,15,높음
제품컨설팅,10,1.0,8.34,10,0.3,4.17,3,높음
제품제조,10,0.3,1.67,20,0.3,1.59,3,높음
제품제작의뢰,< 10,0.1,2.05,< 10,0.3,4.77,10,중간
제품제작업체,< 10,0.1,2.25,< 10,0.3,11.12,15,높음
제품제작,110,2.9,2.65,110,9.2,8.48,15,높음
제품의뢰,< 10,0.7,18.19,< 10,0.0,0.0,3,높음
제품용기,20,0.3,1.45,10,1.0,10.35,6,중간
제품역설계,< 10,0.3,5.56,< 10,0.0,0.0,3,높음
제품양산,100,0.3,0.41,50,0.0,0.0,3,높음
제품설계및개발,< 10,0.0,0.0,10,0.0,0.0,3,높음
제품설계,350,4.2,1.34,110,4.3,3.8,15,높음
제품생산,60,0.7,1.14,30,0.5,1.52,15,높음
제품목업,40,1.2,3.07,10,1.3,12.13,15,높음
제품디자인회사,900,14.2,1.77,300,14.4,5.22,15,높음
제품디자인목업,10,0.0,0.0,< 10,0.0,0.0,15,높음
제품디자인개발,10,0.4,2.24,< 10,0.0,0.0,15,높음
제품기구설계,10,0.3,1.66,< 10,0.0,0.0,15,높음
제품금형,< 10,0.0,0.0,< 10,0.0,0.0,3,높음
제품견적,< 10,0.0,0.0,< 10,0.0,0.0,3,높음
제품개발회사,< 10,0.3,11.12,< 10,0.0,0.0,15,높음
제품개발프로세스,170,1.2,0.8,80,0.0,0.0,14,중간
제품개발의뢰,< 10,0.6,10.0,< 10,0.0,0.0,15,높음
제품개발업체,10,0.7,6.8,< 10,0.0,0.0,15,높음
제품개발설계,30,1.3,3.81,50,0.0,0.0,15,높음
제품개발,700,7.8,1.3,340,7.5,2.52,15,높음
제조대행,10,0.6,6.98,< 10,0.0,0.0,5,중간
제작의뢰,60,0.3,0.52,60,0.8,1.28,15,높음
제작대행,10,0.0,0.0,10,0.0,0.0,3,높음
정수기목업,< 10,0.0,0.0,< 10,0.0,0.0,3,높음
정수기개발,< 10,0.8,10.0,10,0.0,0.0,1,중간
정밀프레스금형,< 10,0.3,16.67,< 10,0.0,0.0,3,높음
정밀사출,10,0.0,0.0,< 10,0.0,0.0,3,높음
정밀금형,80,0.3,0.42,30,0.7,2.47,15,높음
전자제품케이스,< 10,0.2,1.91,10,0.0,0.0,13,중간
전자제품제조,20,0.4,1.97,10,1.0,6.25,12,중간
전자제품제작,20,1.2,6.21,< 10,0.0,0.0,15,높음
전자제품생산,< 10,0.0,0.0,< 10,0.0,0.0,3,높음
전자제품디자인,20,0.4,2.5,10,0.7,5.13,15,높음
전자제품개발,10,1.8,10.59,10,1.3,12.13,15,높음
전자부품제조,< 10,0.3,3.81,20,0.0,0.0,15,높음
전자기기제작,< 10,1.2,23.08,10,0.0,0.0,3,높음
전자기기디자인,< 10,0.0,0.0,< 10,0.0,0.0,3,높음
전자기기개발,< 10,0.0,0.0,< 10,0.3,3.71,14,높음
장비제작업체,10,1.8,17.95,< 10,0.0,0.0,4,낮음
장비개발,30,0.3,0.96,10,0.0,0.0,13,중간
장난감설계,< 10,0.0,0.0,< 10,0.0,0.0,3,높음
장난감개발,< 10,0.0,0.0,10,0.0,0.0,3,높음
자동화설비제작업체,10,1.1,10.72,< 10,0.0,0.0,3,높음
자동화설계,120,1.5,1.43,60,0.3,0.67,15,높음
자동화기계제작업체,< 10,0.0,0.0,< 10,0.0,0.0,3,높음
자동화기계제작,40,2.1,6.46,20,1.0,4.55,15,높음
자동차휠제작,< 10,0.0,0.0,< 10,0.0,0.0,2,중간
자동차스케치,80,0.1,0.11,180,0.3,0.17,15,높음
자동차사출금형,< 10,0.0,0.0,< 10,0.0,0.0,3,높음
자동차부품제작,< 10,1.0,25.0,< 10,0.0,0.0,3,높음
자동차부품설계,30,0.5,1.64,30,0.0,0.0,15,높음
자동차부품가공,20,1.1,5.19,40,1.0,2.64,15,높음
자동차목업,20,0.0,0.0,10,0.0,0.0,15,높음
자동차모형제작,< 10,0.1,1.91,20,1.3,7.85,15,높음
자동차모형만들기,60,1.2,1.84,220,0.7,0.3,9,중간
자동차모형,690,4.1,0.62,3040,50.0,1.7,15,높음
자동차금형회사,< 10,0.0,0.0,10,0.0,0.0,3,높음
자동차금형업체,< 10,0.3,16.67,< 10,0.0,0.0,3,높음
자동차금형설계,10,0.0,0.0,10,0.0,0.0,3,높음
자동차금형,90,0.4,0.5,110,0.0,0.0,15,높음
인천플라스틱사출,< 10,0.0,0.0,< 10,0.0,0.0,0,낮음
인천플라스틱,10,0.0,0.0,10,0.0,0.0,3,높음
인천사출금형,< 10,0.3,16.67,< 10,0.0,0.0,3,높음
인천사출,< 10,1.0,16.67,< 10,0.0,0.0,3,높음
인천기계설계,< 10,0.0,0.0,< 10,0.0,0.0,0,낮음
인천금형,10,0.0,0.0,10,0.0,0.0,3,높음
인써트사출,< 10,0.0,0.0,< 10,0.0,0.0,3,높음
ODM업체,20,1.0,4.17,10,0.0,0.0,3,높음
인서트사출,230,1.8,0.86,120,0.3,0.31,13,중간
인서트금형,20,0.0,0.0,< 10,0.0,0.0,3,높음
인몰드사출,10,2.9,16.0,10,0.7,4.77,1,중간
이중사출업체,< 10,0.0,0.0,< 10,0.0,0.0,3,높음
이중사출금형,< 10,0.0,0.0,< 10,0.0,0.0,3,높음
이중사출,350,1.5,0.48,250,3.5,1.42,15,높음
이종사출,10,0.0,0.0,< 10,0.0,0.0,1,중간
의족제작,< 10,0.7,11.12,10,0.0,0.0,3,높음
의자사출,< 10,0.0,0.0,10,0.0,0.0,3,높음
의료기제작,< 10,0.3,11.12,10,0.0,0.0,3,높음
의료기디자인,< 10,0.1,0.75,< 10,0.3,16.67,15,높음
의료기기제작업체,< 10,1.0,20.0,< 10,0.0,0.0,3,높음
의료기기제작,20,1.4,7.15,20,0.3,1.59,15,높음
의료기기설계,20,0.0,0.0,30,1.0,3.13,14,높음
의료기기디자인,40,1.3,3.09,10,0.7,4.45,15,높음
의료기기대행,< 10,0.0,0.0,< 10,0.0,0.0,1,중간
의료기기개발,40,0.5,1.2,40,0.0,0.0,15,높음
의료기계제작,< 10,0.0,0.0,30,0.4,1.64,2,중간
음식포장박스제작,10,2.1,23.08,20,4.4,17.65,1,중간
위탁생산,930,0.3,0.05,1670,0.3,0.03,15,높음
원형몰드,130,2.4,1.87,840,23.0,2.97,15,높음
워터볼제작,30,5.2,16.67,110,3.8,20.0,2,낮음
워킹목업,130,1.7,1.41,20,1.0,4.0,15,높음
워크엔씨,10,0.0,0.0,20,0.0,0.0,2,중간
우레탄금형,40,1.1,3.21,10,0.0,0.0,11,중간
용역개발,10,0.7,6.07,< 10,0.0,0.0,3,높음
용기주문제작,10,1.0,12.5,20,0.7,3.18,11,중간
용기제조업체,20,1.1,4.39,10,0.0,0.0,14,중간
용기제작업체,10,1.0,7.15,< 10,0.3,11.12,3,높음
용기제작,80,4.7,5.93,100,6.5,6.85,15,높음
용기업체,110,3.9,4.47,50,3.3,6.25,15,높음
용기사출,20,1.3,7.85,10,0.4,1.97,3,높음
용기디자인,100,3.1,2.94,50,1.7,3.15,15,높음
용기금형,10,2.7,21.06,10,1.1,10.53,3,높음
용기공장,20,1.4,7.5,20,2.3,10.61,13,중간
요트모형,40,1.3,3.44,80,0.0,0.0,10,중간
외주개발업체,< 10,0.5,10.67,< 10,0.0,0.0,15,높음
외주개발,80,3.5,4.26,30,1.7,4.77,15,높음
완구제작,< 10,0.6,12.17,10,1.0,7.15,15,높음
연결박스,40,1.1,2.39,20,0.7,3.04,4,낮음
역설계프로그램,< 10,0.1,2.0,< 10,0.0,0.0,10,중간
역설계업체,< 10,0.1,2.78,< 10,0.3,8.34,14,높음
역설계,530,7.6,1.49,250,5.0,2.0,15,높음
여행용칫솔치약,< 10,0.1,1.12,30,0.0,0.0,15,높음
여학생선물,100,1.1,1.03,790,6.3,0.8,15,높음
여중생졸업선물,30,0.4,1.57,190,0.0,0.0,8,중간
여대생입학선물,30,0.2,0.88,140,0.0,0.0,15,높음
엣지캠,40,3.1,8.07,50,0.0,0.0,3,낮음
엣지밴딩,40,0.3,1.02,60,1.5,2.22,3,높음
엔젤파트너스,50,0.0,0.0,280,0.0,0.0,2,중간
에폭시인쇄,80,2.2,2.62,40,1.3,3.11,15,높음
에너지하베스팅,1660,0.0,0.0,1780,1.0,0.06,3,높음
얼굴스캔,10,0.0,0.0,30,0.3,1.06,5,중간
얼굴스캐너,< 10,0.3,33.34,< 10,0.0,0.0,3,높음
어린이졸업선물,20,0.0,0.0,90,2.5,3.25,15,높음
양장제본견적,< 10,1.0,12.5,< 10,0.0,0.0,3,높음
양장,1260,0.3,0.03,4080,1.0,0.03,11,중간
양산품,300,0.0,0.0,250,0.0,0.0,3,높음
약초티백,< 10,0.3,8.34,30,0.3,1.29,3,높음
액체포장기계,< 10,0.4,6.03,10,0.7,4.45,12,중간
액체포장기,10,1.2,9.24,40,0.7,2.3,15,높음
액체포장,20,0.3,1.13,140,5.5,3.99,15,높음
액체소분,10,1.7,11.12,40,0.3,0.99,5,중간
액상포장기계,20,0.8,4.12,20,2.7,10.26,14,중간
액상포장기,70,2.2,3.39,100,7.8,7.6,15,높음
액상자동포장기,< 10,0.1,1.29,< 10,0.0,0.0,13,중간
액상스틱포장,10,1.1,12.61,10,0.5,5.0,13,중간
애들선물,50,0.3,0.53,310,0.5,0.16,15,높음
애견용품제작,10,1.3,8.89,20,1.8,7.7,3,높음
애견용품디자인,< 10,0.0,0.0,10,0.0,0.0,3,높음
애견용품디자이너,< 10,0.0,0.0,20,0.0,0.0,3,높음
압출기제작,10,3.5,19.57,< 10,0.0,0.0,3,높음
압출금형제작,< 10,0.0,0.0,< 10,0.0,0.0,0,낮음
압축금형,< 10,1.4,20.0,< 10,0.0,0.0,2,중간
압력용기제작업체,< 10,0.7,12.33,< 10,0.3,8.34,12,중간
압력용기설계,50,1.5,2.8,10,0.0,0.0,14,중간
알미늄절곡,10,3.0,16.67,30,1.0,4.0,3,높음
알미늄금형,< 10,0.0,0.0,< 10,1.0,16.67,3,높음
알리바바중국,330,0.3,0.12,240,0.0,0.0,15,높음
알리바바수입대행,30,1.7,6.24,10,0.7,5.56,15,높음
알리바바수입,110,1.0,0.92,110,0.3,0.33,15,높음
알리바바대행,100,3.3,3.27,80,7.8,9.61,15,높음
알루미늄핸들,30,1.5,4.54,20,0.3,1.76,10,중간
알루미늄판재가공,30,1.1,3.95,20,0.4,2.05,3,높음
알루미늄컷팅,20,0.3,0.99,50,0.3,0.53,15,높음
알루미늄주문제작,30,1.5,4.19,40,1.0,2.33,12,중간
알루미늄압출성형,< 10,0.0,0.0,< 10,0.0,0.0,1,중간
알루미늄목업,< 10,0.5,5.84,10,1.7,16.67,15,높음
알루미늄레이져,< 10,0.0,0.0,< 10,0.0,0.0,3,높음
알루미늄금형제작,10,0.7,6.67,< 10,0.0,0.0,3,높음
알루미늄금형,80,2.0,2.54,70,6.5,9.43,15,높음
안산아크릴가공,< 10,0.4,4.66,< 10,0.0,0.0,5,중간
안산레이저가공,< 10,0.0,0.0,< 10,0.0,0.0,6,중간
안산레이저,20,0.8,2.65,40,0.0,0.0,8,중간
안산금형,< 10,1.0,20.0,10,0.7,5.13,3,높음
안산CAD,< 10,0.1,3.34,< 10,0.0,0.0,15,높음
안경테제작,20,1.1,4.77,70,5.0,7.25,7,중간
악세서리디자인,< 10,0.0,0.0,20,0.3,1.15,3,높음
아파트평면도,1990,6.5,0.37,2810,4.3,0.17,15,높음
아파트설계도면,90,0.0,0.0,100,0.0,0.0,3,높음
아파트모형제작,< 10,0.1,1.7,< 10,0.0,0.0,15,높음
아파트모형만들기,< 10,0.0,0.0,10,0.0,0.0,2,중간
아파트광고,440,6.9,1.7,720,11.8,1.81,15,높음
아트메가,130,0.0,0.0,130,0.7,0.57,3,높음
아크릴평판,10,0.7,5.13,10,0.3,1.86,3,높음
아크릴목업,< 10,0.6,5.79,< 10,0.3,5.56,12,중간
아크릴롤,< 10,0.0,0.0,< 10,0.0,0.0,3,높음
아크릴레이져가공,< 10,0.0,0.0,< 10,0.7,13.34,0,낮음
아크릴레이져,< 10,0.1,3.34,< 10,0.0,0.0,15,높음
아크릴금형,10,1.5,8.83,30,1.5,5.56,2,중간
아크릴가공,990,34.4,3.79,930,40.8,4.65,15,높음
아이소제작,10,0.0,0.0,< 10,0.0,0.0,15,높음
아이소,690,1.7,0.27,1340,7.5,0.6,15,높음
아이디어컨설팅,< 10,0.0,0.0,< 10,0.0,0.0,3,높음
아이디어컨설턴트,10,0.0,0.0,10,0.0,0.0,2,중간
아이디어제품화,< 10,0.0,0.0,10,0.0,0.0,3,높음
아이디어제품개발,20,0.4,3.08,10,0.0,0.0,15,높음
아이디어제품,420,2.9,0.74,380,7.0,1.92,15,높음
아이디어스케치,330,0.1,0.05,350,0.3,0.08,15,높음
아이디어상품화,20,0.9,4.32,10,0.7,5.13,15,높음
아이디어상품제작,30,1.1,3.95,50,3.5,7.61,15,높음
아이디어상품개발,< 10,0.4,6.67,30,0.0,0.0,15,높음
아이디어구체화,30,0.0,0.0,20,0.0,0.0,3,높음
아이디어공장,10,0.5,4.55,< 10,0.7,10.0,2,중간
아이디어개발,40,0.1,0.18,30,0.0,0.0,15,높음
아이너스기술,10,0.0,0.0,< 10,0.0,0.0,2,중간
아웃트렉박스,20,1.5,6.0,< 10,0.0,0.0,2,중간
신제품개발,200,1.3,0.69,120,0.0,0.0,15,높음
아연다이캐스팅,40,0.4,1.18,10,0.0,0.0,11,중간
아로니아스틱,20,0.0,0.0,70,0.0,0.0,3,높음
아로니아분말스틱,< 10,0.0,0.0,20,0.0,0.0,3,높음
아로니아과립,< 10,0.3,5.56,10,0.0,0.0,3,높음
씨마트론,100,0.5,0.54,40,1.0,2.4,8,중간
쓰리디프린터,140,0.9,0.65,630,23.5,4.11,15,높음
쓰리디디자인,< 10,1.0,25.0,< 10,0.0,0.0,2,중간
쓰레기통디자인,10,0.1,1.63,10,0.0,0.0,14,중간
쌀소포장,20,0.6,3.58,90,1.3,1.65,11,중간
심플한벽시계,< 10,0.2,2.5,120,0.7,0.6,15,높음
실크프린트,70,2.5,3.36,100,3.5,3.5,15,높음
실크인쇄소,< 10,1.0,25.0,< 10,0.0,0.0,1,중간
실크스크린인쇄기,30,3.4,11.68,20,0.7,3.51,5,중간
실크스크린업체,10,0.4,3.27,< 10,0.0,0.0,8,중간
실속있는선물,10,0.0,0.0,30,0.0,0.0,3,높음
실바늘,120,0.3,0.31,650,3.0,0.52,14,중간
실리콘컵뚜껑제작,20,2.7,14.04,< 10,0.0,0.0,3,높음
실리콘주방용품,150,6.0,4.41,880,46.5,6.15,15,높음
실리콘제품,70,0.5,0.72,130,7.0,5.39,15,높음
실리콘제작,180,14.3,8.07,330,41.1,14.05,15,높음
실리콘식탁매트,1350,20.7,1.62,18500,603.1,3.53,15,높음
실리콘사출금형,< 10,0.0,0.0,< 10,0.0,0.0,3,높음
실리콘사출,100,4.3,4.61,100,9.0,10.23,15,높음
실리콘금형제작,10,1.6,13.61,< 10,0.3,3.34,14,중간
실리콘금형,160,6.7,4.74,100,4.3,4.25,15,높음
실리콘공장,60,5.7,9.73,150,22.0,17.06,15,높음
실리콘3D프린팅,10,2.1,17.53,< 10,0.0,0.0,8,중간
사출생산,30,0.0,0.0,40,0.4,1.1,2,중간
신용카드지갑,40,0.3,0.73,80,0.5,0.61,15,높음
신선한선물,< 10,0.3,4.77,20,2.0,7.58,3,높음
식품회사,1070,3.2,0.32,2020,8.0,0.46,15,높음
식품포장회사,< 10,0.2,2.86,10,0.3,1.93,15,높음
식품포장업체,20,1.3,5.31,20,2.3,13.24,15,높음
식품포장,340,13.2,4.3,310,23.4,8.74,15,높음
식품파우치,110,8.3,7.87,110,9.3,8.49,15,높음
식품제조,940,2.5,0.32,720,8.3,1.34,15,높음
식품원료,450,15.2,3.74,230,7.8,3.84,15,높음
식품수입업체,< 10,0.0,0.0,< 10,0.0,0.0,3,높음
식품소분포장,< 10,0.2,5.89,< 10,0.0,0.0,6,중간
식품소분업체,20,1.9,8.57,20,1.0,5.27,15,높음
식품소분업,1030,4.8,0.51,1290,15.0,1.31,15,높음
식품소분,90,1.7,2.32,70,3.3,5.13,15,높음
식품선물,40,0.2,0.55,90,0.8,0.84,15,높음
식품가공,230,0.4,0.2,320,1.8,0.61,15,높음
식용유선물셋트,< 10,0.0,0.0,60,1.0,2.23,15,높음
시흥금형,< 10,0.0,0.0,< 10,0.3,8.34,3,높음
시편제작,100,1.5,1.99,30,0.7,1.81,15,높음
시제품제작터,30,0.1,0.54,20,0.0,0.0,15,높음
시제품제작지원사업,90,0.4,0.5,70,1.0,1.54,15,높음
시제품제작지원,40,0.1,0.36,20,0.0,0.0,15,높음
시제품제작업체,1930,2.3,0.15,70,2.5,4.17,15,높음
시제품제작소,10,0.3,1.66,10,0.3,2.09,15,높음
시제품제작비용,10,0.3,1.78,10,0.5,2.78,15,높음
시제품제작과정,10,0.0,0.0,10,0.0,0.0,3,높음
시제품제작,870,30.7,3.39,580,28.4,5.38,15,높음
시제품설계,10,0.5,4.85,< 10,0.0,0.0,15,높음
시제품생산,10,0.0,0.0,10,0.7,5.56,15,높음
시제품목업,10,0.1,1.05,< 10,0.0,0.0,15,높음
시제품만들기,10,0.9,9.45,< 10,0.3,3.71,13,중간
시제품금형,< 10,1.0,20.0,< 10,0.0,0.0,3,높음
시제품개발,60,0.5,0.79,20,0.5,2.78,15,높음
시제품,2460,3.4,0.15,2240,5.8,0.28,15,높음
시제작,30,0.0,0.0,10,0.0,0.0,13,중간
시작품제작,20,0.5,2.97,10,0.0,0.0,15,높음
시작금형,40,0.0,0.0,< 10,0.0,0.0,14,높음
시사출비용,< 10,0.0,0.0,< 10,0.0,0.0,3,높음
시사출,120,0.0,0.0,70,0.3,0.56,3,높음
시보리제작,< 10,0.4,7.15,< 10,0.4,5.27,3,높음
시마트론,180,0.9,0.52,150,0.0,0.0,6,중간
시리얼포장,< 10,0.0,0.0,10,0.0,0.0,1,중간
시금형제작,< 10,0.0,0.0,< 10,0.0,0.0,3,높음
시금형,40,0.0,0.0,20,0.0,0.0,3,높음
수직사출성형기,< 10,0.7,18.19,< 10,0.0,0.0,3,높음
수직사출,10,0.4,3.58,< 10,0.0,0.0,3,높음
소형사출기,100,5.4,5.76,90,4.7,5.7,11,중간
소형사출,10,0.3,2.57,10,0.0,0.0,3,높음
소형기계제작,< 10,0.3,33.34,< 10,0.7,8.34,3,높음
소형금형,< 10,0.0,0.0,10,0.0,0.0,3,높음
소품제작,120,8.3,7.45,170,12.1,7.56,15,높음
소량제작,120,2.1,1.83,160,5.3,3.46,15,높음
소량사출,30,1.7,5.75,10,1.0,7.15,15,높음
성형해석,40,0.0,0.0,20,0.0,0.0,13,중간
성형사출,10,0.7,6.07,20,0.3,1.34,3,높음
서울금형,< 10,0.0,0.0,< 10,0.0,0.0,4,낮음
생산회사,< 10,0.0,0.0,< 10,0.0,0.0,2,중간
생산업체,40,0.0,0.0,20,0.0,0.0,3,높음
생산,2400,0.3,0.02,2480,0.0,0.0,3,높음
샌드캐스팅,10,0.0,0.0,20,0.0,0.0,3,높음
상품패키지제작,< 10,0.6,14.59,< 10,0.7,8.34,12,중간
상품제작,80,1.5,2.14,90,4.5,4.74,15,높음
상품디자인,120,1.2,0.99,130,2.7,2.12,15,높음
상품개발,280,1.3,0.5,190,3.0,1.63,15,높음
산업모형,< 10,0.1,1.64,< 10,0.0,0.0,15,높음
산업기계제작,10,0.2,1.59,10,0.3,3.04,15,높음
사형주조,170,1.9,1.12,80,0.3,0.41,15,높음
사출회사,40,0.4,1.16,120,0.0,0.0,15,높음
사출플라스틱,30,1.7,5.21,20,0.3,1.45,3,높음
사출케이스,80,1.6,2.03,90,3.8,4.27,15,높음
사출제작,10,0.3,2.23,10,0.0,0.0,3,높음
사출전문업체,< 10,0.7,13.34,< 10,0.0,0.0,3,높음
사출전문,< 10,2.0,50.0,< 10,0.0,0.0,3,높음
사출업체,120,5.2,4.42,120,3.0,2.55,15,높음
사출성형품,10,0.0,0.0,< 10,0.0,0.0,3,높음
사출성형업체,< 10,0.2,6.53,< 10,0.0,0.0,15,높음
사출성형,850,2.3,0.27,660,0.7,0.11,15,높음
사출설계,20,0.3,1.45,< 10,0.0,0.0,3,높음
부품제조업체,< 10,0.7,16.67,< 10,0.0,0.0,3,높음
사출몰드,< 10,0.0,0.0,< 10,0.0,0.0,3,높음
사출금형제작업체,< 10,0.0,0.0,< 10,0.0,0.0,0,낮음
사출금형제작,270,4.9,1.94,230,13.7,6.13,15,높음
사출금형업체,10,1.1,8.94,< 10,0.3,4.77,15,높음
사출금형설계,130,0.9,0.78,70,0.8,1.08,15,높음
사출금형비용,< 10,0.0,0.0,< 10,0.0,0.0,14,높음
사출금형부품,40,0.3,0.73,10,0.0,0.0,14,높음
사출금형교육,10,0.4,4.17,< 10,0.0,0.0,5,중간
사출금형,1530,15.9,1.11,1380,17.5,1.35,15,높음
사출공장,140,1.5,1.11,230,5.7,2.56,15,높음
사출,4080,10.0,0.28,7320,41.0,0.61,15,높음
부품제조,< 10,2.0,50.0,< 10,0.3,4.77,3,높음
부품제작,10,0.6,4.6,10,0.3,1.97,15,높음
부천사출업체,< 10,0.0,0.0,< 10,0.0,0.0,2,중간
부천사출,< 10,0.0,0.0,< 10,0.0,0.0,3,높음
부천금형,20,0.7,2.9,< 10,0.3,4.17,3,높음
발포사출,10,2.0,28.58,< 10,2.0,28.58,1,중간
발명품제작,10,1.6,9.64,30,3.4,9.17,15,높음
물건제작,10,0.6,3.98,40,3.3,8.55,9,중간
몰드디자인,< 10,0.0,0.0,< 10,0.0,0.0,3,높음
디자인목업,150,1.2,0.86,70,0.3,0.5,15,높음
디자인기구설계,< 10,0.7,16.67,< 10,0.0,0.0,3,높음
대형사출,10,0.6,7.94,20,1.3,5.34,8,중간
대형금형,< 10,0.0,0.0,10,0.3,2.23,3,높음
대전플라스틱,10,1.0,5.36,30,0.4,0.86,3,높음
대전목업,< 10,0.8,8.17,< 10,0.0,0.0,15,높음
대전금형,10,1.4,8.43,10,0.0,0.0,10,중간
대량제작,< 10,0.3,5.27,10,0.0,0.0,15,높음
대량생산,310,0.3,0.11,280,2.5,0.95,15,높음
다대사출기,50,1.9,3.65,40,0.7,1.45,6,중간
다대사출,60,3.0,6.46,50,1.1,2.53,3,낮음
기기설계,< 10,0.7,13.34,< 10,0.0,0.0,3,높음
기구제작,20,1.6,6.96,10,0.3,2.57,15,높음
기구설계회사,10,0.5,3.56,< 10,0.0,0.0,15,높음
기구설계용역,10,0.5,2.73,< 10,0.0,0.0,15,높음
기구설계외주,10,0.4,4.72,< 10,0.0,0.0,13,중간
기구설계업체,20,1.7,9.13,10,1.0,7.7,15,높음
기구설계,1080,14.9,1.61,510,9.0,1.9,15,높음
기구물제작,< 10,0.3,4.13,< 10,0.0,0.0,14,높음
기구물설계,< 10,0.0,0.0,< 10,0.0,0.0,3,높음
기구개발,50,1.3,2.78,50,0.0,0.0,15,높음
기계회사,10,0.7,4.45,30,0.0,0.0,3,높음
기계주문제작,20,1.5,8.15,10,1.0,12.5,15,높음
기계제조업체,< 10,0.7,9.53,< 10,0.0,0.0,3,높음
기계제작업체,10,1.0,6.67,< 10,0.0,0.0,15,높음
기계제작가공,20,2.2,9.18,60,3.7,5.98,5,중간
기계제작,210,12.3,6.66,200,22.7,11.75,15,높음
기계장비,100,0.7,0.73,60,1.3,2.62,15,높음
기계설계회사,30,0.1,0.31,20,1.3,5.56,15,높음
기계설계용역,30,1.0,3.33,< 10,0.0,0.0,15,높음
기계설계업체,20,0.5,3.34,< 10,0.8,12.5,15,높음
기계설계비용,< 10,0.0,0.0,< 10,0.0,0.0,0,낮음
기계설계,1240,3.3,0.3,1240,6.8,0.62,15,높음
기계부품가공,10,0.1,0.76,10,0.0,0.0,15,높음
기계부품,180,2.7,1.6,140,9.0,6.57,15,높음
기계디자인,40,1.0,3.18,30,0.0,0.0,14,높음
금형회사,70,1.3,1.81,180,1.7,1.0,15,높음
금형프레스,80,1.3,1.8,70,0.3,0.37,14,중간
금형주문제작,< 10,0.3,4.77,10,1.0,10.0,3,높음
금형제품,10,0.3,1.97,< 10,0.0,0.0,3,높음
금형제조업체,< 10,1.0,14.29,< 10,0.0,0.0,3,높음
금형제조,50,0.1,0.28,30,1.0,2.57,14,높음
금형제작회사,< 10,0.0,0.0,< 10,0.0,0.0,15,높음
금형제작지원,10,0.0,0.0,< 10,0.0,0.0,3,높음
금형제작의뢰,< 10,0.7,10.0,< 10,0.0,0.0,1,중간
금형제작업체,20,0.7,3.53,< 10,0.3,3.13,15,높음
금형제작비용,70,1.4,2.1,160,10.0,6.67,15,높음
금형제작,980,20.1,2.38,1420,39.3,3.2,15,높음
금형정밀,< 10,1.0,12.5,10,0.0,0.0,2,중간
금형와이어,< 10,0.0,0.0,10,0.0,0.0,3,높음
금형업체,80,3.7,4.72,50,3.0,5.89,15,높음
금형양산,< 10,0.0,0.0,< 10,0.0,0.0,3,높음
금형수리,20,0.0,0.0,30,0.0,0.0,3,높음
금형설계회사,10,0.0,0.0,< 10,0.0,0.0,3,높음
금형설계학원,10,1.1,5.98,20,3.0,13.05,15,높음
금형설계프로그램,30,1.2,4.35,10,0.0,0.0,3,낮음
금형설계제작,< 10,0.0,0.0,< 10,0.0,0.0,3,높음
금형설계비용,< 10,0.3,4.77,< 10,0.0,0.0,3,높음
금형설계및제작,30,1.8,7.05,40,0.3,0.88,9,중간
금형설계,600,2.7,0.49,740,6.8,1.02,15,높음
금형생산,< 10,0.4,12.5,10,0.0,0.0,3,높음
금형사출업체,< 10,0.2,4.17,< 10,0.0,0.0,12,중간
금형사출,270,3.0,1.2,270,3.0,1.14,15,높음
금형비용,70,0.5,0.66,50,0.0,0.0,15,높음
금형목업,< 10,0.0,0.0,< 10,0.0,0.0,3,높음
금형모델링,10,0.0,0.0,< 10,0.0,0.0,3,높음
금형디자인,60,0.1,0.15,70,1.0,1.5,12,중간
금형교육,40,1.7,3.91,20,0.7,3.64,7,중간
금형공장,90,0.2,0.28,100,0.8,0.79,15,높음
금형공부,10,0.5,5.0,< 10,1.0,20.0,2,중간
금형견적,30,1.0,3.22,10,1.0,7.7,15,높음
금형개발,30,0.1,0.2,20,0.0,0.0,15,높음
금형가공업체,< 10,0.0,0.0,< 10,0.0,0.0,3,높음
금형가공기술,< 10,0.0,0.0,20,0.0,0.0,1,중간
금형가격,30,0.6,2.14,20,0.0,0.0,15,높음
국내제조,30,0.3,1.02,10,0.3,1.86,3,높음
고무플라스틱,40,0.0,0.0,90,0.3,0.36,3,높음
고무사출업체,< 10,1.0,100.0,< 10,0.0,0.0,2,중간
고무사출,90,3.6,3.95,90,1.3,1.32,14,중간
고무금형,190,6.9,4.72,110,8.7,9.13,15,높음
경주디자인,10,0.2,2.6,10,0.0,0.0,9,중간
게또바시금형,< 10,1.3,21.43,< 10,0.7,16.67,2,중간
건물모형제작,< 10,0.9,12.39,10,0.3,2.57,15,높음
건물모형만들기,20,1.0,5.0,60,0.0,0.0,3,높음
건물모형,90,0.3,0.38,220,6.8,2.97,15,높음
갤럭시목업,40,1.5,3.74,20,0.0,0.0,3,낮음
개발회사,70,0.2,0.27,70,0.0,0.0,15,높음
개발의뢰,40,2.3,5.32,10,0.0,0.0,15,높음
개발용역,40,0.7,2.0,10,0.3,4.17,15,높음
개발외주업체,< 10,0.3,8.34,< 10,0.0,0.0,3,높음
개발업체,50,0.6,1.4,10,0.0,0.0,15,높음
개발디자인,< 10,0.0,0.0,< 10,0.0,0.0,3,높음
개발견적,< 10,0.3,3.78,< 10,0.0,0.0,15,높음
강화플라스틱,250,2.3,0.99,450,5.5,1.31,15,높음
간이금형,40,0.8,1.78,20,0.0,0.0,15,높음
가전제품디자인,10,0.0,0.0,10,0.0,0.0,15,높음
가전제품개발,< 10,0.8,14.0,< 10,0.0,0.0,8,중간
QDM업체,< 10,0.3,5.0,< 10,0.0,0.0,3,높음
QDM소프트몰드,20,0.0,0.0,30,0.0,0.0,0,낮음
QDM사출,20,2.6,16.22,10,0.0,0.0,2,낮음
QDM금형,120,1.5,1.41,80,0.7,0.96,14,중간
QDM,360,5.5,1.77,210,6.3,3.58,13,중간
PVC사출업체,< 10,0.3,11.12,< 10,1.3,21.43,3,높음
PVC사출,50,1.4,2.72,20,1.0,4.55,10,중간
PVC금형,10,3.0,18.75,10,2.0,33.34,1,중간
PP용기제작,10,2.5,31.82,10,1.3,11.54,3,높음
PP사출,20,0.3,1.24,20,0.0,0.0,3,높음
PPS사출,< 10,0.3,4.17,10,0.0,0.0,3,높음
PE사출,10,0.3,2.57,< 10,0.3,3.71,3,높음
PE가공,40,1.6,5.13,10,0.0,0.0,15,높음
PET제조업체,< 10,0.0,0.0,10,0.0,0.0,3,높음
PET용기제작,< 10,0.5,10.82,20,0.7,11.12,15,높음
PET용기업체,< 10,0.7,18.34,100,0.0,0.0,15,높음
PET상자제작,< 10,0.1,4.17,< 10,1.3,33.34,12,중간
PET병제조업체,10,0.0,0.0,< 10,0.0,0.0,14,높음
PET병제작,10,0.5,5.34,< 10,0.7,22.23,15,높음
PEEK사출,20,1.4,7.55,< 10,1.6,23.53,3,높음
PC사출,30,0.0,0.0,10,0.0,0.0,3,높음
PCB제조,100,3.1,3.12,110,0.3,0.34,15,높음
PCB제작,320,14.2,4.74,140,9.8,7.17,15,높음
PCB소량제작,< 10,0.0,0.0,< 10,0.0,0.0,3,높음
PCB설계업체,< 10,0.3,9.53,< 10,0.0,0.0,14,높음
PCB설계,500,5.3,1.24,290,4.5,1.8,15,높음
PCB생산업체,10,0.3,4.17,10,0.0,0.0,3,높음
PCB생산,240,5.6,2.72,750,9.0,1.58,15,높음
PCB샘플제작,20,1.3,6.74,< 10,0.7,16.67,15,높음
PCB샘플,30,1.7,6.2,< 10,0.7,5.13,15,높음
PCB기판제작,50,2.9,6.04,30,2.3,6.67,7,중간
PCB금형,< 10,0.0,0.0,< 10,0.0,0.0,3,높음
PCB견적,< 10,0.0,0.0,< 10,0.0,0.0,15,높음
PCB개발업체,< 10,0.7,16.67,< 10,0.0,0.0,3,높음
OEM회사,30,1.7,4.39,40,0.3,0.86,3,높음
OEM제조,100,0.5,0.54,60,0.5,0.75,15,높음
OEM업체,90,1.3,1.58,60,2.7,4.17,15,높음
OEM생산업체,< 10,1.7,23.81,< 10,0.0,0.0,3,높음
OEM생산,170,1.0,0.62,90,0.0,0.0,15,높음
OEM공장,70,1.3,2.19,70,1.0,1.34,15,높음
IOT제품개발,< 10,0.0,0.0,< 10,0.0,0.0,3,높음
ABS제조,< 10,0.0,0.0,< 10,0.4,9.1,3,높음
ABS사출,60,3.7,7.62,30,0.6,1.71,6,중간